"year","name","number","rank","notes"
1999,"Joshua",649,1,
1999,"Liam",456,2,
1999,"Samuel",445,3,
1999,"Matthew",440,4,
1999,"Jack",430,5,
1999,"Benjamin",416,6,
1999,"Daniel",389,7,
1999,"James",372,8,
1999,"Thomas",357,9,
1999,"Jacob",325,10,
1999,"Connor",303,11,
1999,"Caleb",274,12,
1999,"Jordan",267,13,
1999,"Dylan",255,14,
1999,"Cameron",251,15,
1999,"Michael",250,16,
1999,"William",250,16,
1999,"Ethan",228,18,
1999,"Ryan",225,19,
1999,"Luke",201,20,
1999,"Joseph",194,21,
1999,"Nathan",194,21,
1999,"Nicholas",190,23,
1999,"Jayden",186,24,
1999,"Alexander",179,25,
1999,"Logan",167,26,
1999,"Hamish",160,27,
1999,"Tyler",156,28,
1999,"Callum",154,29,
1999,"Bailey",153,30,
1999,"Sean",152,31,
1999,"Mitchell",149,32,
1999,"Bradley",147,33,
1999,"Oliver",145,34,
1999,"Christopher",133,35,
1999,"Andrew",131,36,
1999,"David",129,37,
1999,"Jesse",129,37,
1999,"Isaac",127,39,
1999,"John",127,39,
1999,"George",123,41,
1999,"Harrison",116,42,
1999,"Jackson",116,42,
1999,"Hayden",108,44,
1999,"Max",104,45,
1999,"Lachlan",101,46,
1999,"Adam",100,47,
1999,"Alex",98,48,
1999,"Jonathan",96,49,
1999,"Robert",95,50,
1999,"Timothy",95,50,
1999,"Zachary",95,50,
1999,"Ben",94,53,
1999,"Jake",94,53,
1999,"Aaron",93,55,
1999,"Jamie",92,56,
1999,"Christian",91,57,
1999,"Henry",91,57,
1999,"Taylor",91,57,
1999,"Anthony",90,60,
1999,"Kyle",90,60,
1999,"Angus",87,62,
1999,"Blake",86,63,
1999,"Joel",86,63,
1999,"Cody",85,65,
1999,"Harry",85,65,
1999,"Jared",85,65,
1999,"Finn",83,68,
1999,"Patrick",79,69,
1999,"Levi",78,70,
1999,"Reuben",78,70,
1999,"Scott",72,72,
1999,"Brandon",71,73,
1999,"Peter",71,73,
1999,"Taine",71,73,
1999,"Jarrod",70,76,
1999,"Sam",69,77,
1999,"Campbell",68,78,
1999,"Aidan",67,79,
1999,"Xavier",67,79,
1999,"Richard",64,81,
1999,"Kaleb",63,82,
1999,"Louis",60,83,
1999,"Flynn",58,84,
1999,"Hunter",58,84,
1999,"Jeremy",57,86,
1999,"Trent",57,86,
1999,"Jason",56,88,
1999,"Justin",56,88,
1999,"Lewis",56,88,
1999,"Regan",56,88,
1999,"Shaun",55,92,
1999,"Troy",55,92,
1999,"Kevin",53,94,
1999,"Kieran",52,95,
1999,"Mathew",52,95,
1999,"Elijah",51,97,
1999,"Keegan",51,97,
1999,"Oscar",51,97,
1999,"Quinn",51,97,
2000,"Joshua",640,1,
2000,"Jack",478,2,
2000,"Samuel",425,3,
2000,"James",415,4,
2000,"Matthew",406,5,
2000,"Liam",394,6,
2000,"Daniel",390,7,
2000,"Thomas",388,8,
2000,"Jacob",370,9,
2000,"Benjamin",332,10,
2000,"Cameron",302,11,
2000,"Ethan",301,12,
2000,"Caleb",298,13,
2000,"Dylan",283,14,
2000,"William",277,15,
2000,"Michael",270,16,
2000,"Jordan",266,17,
2000,"Ryan",220,18,
2000,"Luke",219,19,
2000,"Connor",211,20,
2000,"Jayden",206,21,
2000,"Nathan",203,22,
2000,"Joseph",191,23,
2000,"Nicholas",179,24,
2000,"Alexander",177,25,
2000,"Oliver",172,26,
2000,"Callum",164,27,
2000,"Logan",151,28,
2000,"David",150,29,
2000,"George",149,30,
2000,"Isaac",145,31,
2000,"Hamish",144,32,
2000,"Andrew",143,33,
2000,"Jackson",138,34,
2000,"Mitchell",131,35,
2000,"Lachlan",129,36,
2000,"Harrison",128,37,
2000,"Blake",127,38,
2000,"Max",126,39,
2000,"Tyler",126,39,
2000,"Jesse",124,41,
2000,"Bailey",122,42,
2000,"Cody",121,43,
2000,"Christopher",113,44,
2000,"Bradley",112,45,
2000,"Adam",104,46,
2000,"Hayden",104,46,
2000,"Jamie",104,46,
2000,"Levi",103,49,
2000,"John",98,50,
2000,"Reuben",95,51,
2000,"Sean",93,52,
2000,"Zachary",93,52,
2000,"Finn",89,54,
2000,"Patrick",89,54,
2000,"Christian",87,56,
2000,"Henry",87,56,
2000,"Harry",86,58,
2000,"Jason",86,58,
2000,"Sam",85,60,
2000,"Joel",84,61,
2000,"Jonathan",83,62,
2000,"Aaron",82,63,
2000,"Ben",82,63,
2000,"Jake",82,63,
2000,"Jared",81,66,
2000,"Kyle",80,67,
2000,"Anthony",79,68,
2000,"Timothy",78,69,
2000,"Zane",77,70,
2000,"Robert",75,71,
2000,"Alex",73,72,
2000,"Elijah",73,72,
2000,"Scott",72,74,
2000,"Aidan",69,75,
2000,"Angus",69,75,
2000,"Brandon",69,75,
2000,"Cole",66,78,
2000,"Taylor",66,78,
2000,"Peter",65,80,
2000,"Xavier",64,81,
2000,"Flynn",63,82,
2000,"Dominic",59,83,
2000,"Tyrone",59,83,
2000,"Campbell",57,85,
2000,"Hunter",56,86,
2000,"Josh",56,86,
2000,"Kieran",56,86,
2000,"Mark",56,86,
2000,"Taine",55,90,
2000,"Troy",55,90,
2000,"Louis",54,92,
2000,"Sione",54,92,
2000,"Isaiah",53,94,
2000,"Justin",53,94,
2000,"Mason",53,94,
2000,"Regan",53,94,
2000,"Riley",53,94,
2000,"Keegan",51,99,
2000,"Seth",51,99,
2001,"Joshua",590,1,
2001,"Jack",436,2,
2001,"Samuel",398,3,
2001,"Thomas",373,4,
2001,"Benjamin",369,5,
2001,"James",368,6,
2001,"Jacob",352,7,
2001,"Liam",349,8,
2001,"Matthew",348,9,
2001,"Daniel",311,10,
2001,"Ethan",288,11,
2001,"William",287,12,
2001,"Caleb",284,13,
2001,"Dylan",259,14,
2001,"Cameron",236,15,
2001,"Connor",232,16,
2001,"Luke",216,17,
2001,"Logan",214,18,
2001,"Ryan",210,19,
2001,"Michael",200,20,
2001,"Jordan",199,21,
2001,"Jayden",195,22,
2001,"Joseph",178,23,
2001,"Alexander",171,24,
2001,"Max",167,25,
2001,"Jackson",162,26,
2001,"Nathan",156,27,
2001,"Oliver",154,28,
2001,"Nicholas",149,29,
2001,"Isaac",135,30,
2001,"David",133,31,
2001,"Harrison",128,32,
2001,"Mitchell",123,33,
2001,"Tyler",118,34,
2001,"George",117,35,
2001,"Finn",113,36,
2001,"Callum",112,37,
2001,"Lachlan",111,38,
2001,"Hamish",110,39,
2001,"John",109,40,
2001,"Adam",107,41,
2001,"Harry",105,42,
2001,"Lucas",102,43,
2001,"Hayden",100,44,
2001,"Zachary",100,44,
2001,"Cody",97,46,
2001,"Levi",96,47,
2001,"Andrew",95,48,
2001,"Bailey",95,48,
2001,"Christopher",94,50,
2001,"Reuben",89,51,
2001,"Blake",88,52,
2001,"Henry",88,52,
2001,"Aidan",87,54,
2001,"Ben",86,55,
2001,"Sam",86,55,
2001,"Patrick",85,57,
2001,"Jamie",84,58,
2001,"Jesse",80,59,
2001,"Sean",80,59,
2001,"Jake",79,61,
2001,"Riley",77,62,
2001,"Angus",76,63,
2001,"Christian",76,63,
2001,"Robert",76,63,
2001,"Alex",75,66,
2001,"Jonathan",75,66,
2001,"Cole",74,68,
2001,"Bradley",71,69,
2001,"Elijah",71,69,
2001,"Taylor",71,69,
2001,"Timothy",71,69,
2001,"Joel",70,73,
2001,"Jared",68,74,
2001,"Jason",68,74,
2001,"Kyle",68,74,
2001,"Oscar",67,77,
2001,"Troy",66,78,
2001,"Anthony",65,79,
2001,"Dominic",65,79,
2001,"Peter",65,79,
2001,"Xavier",65,79,
2001,"Zane",64,83,
2001,"Kaleb",63,84,
2001,"Aaron",62,85,
2001,"Charles",61,86,
2001,"Flynn",60,87,
2001,"Isaiah",60,87,
2001,"Lewis",59,89,
2001,"Seth",59,89,
2001,"Tyrone",59,89,
2001,"Scott",57,92,
2001,"Kane",56,93,
2001,"Mason",56,93,
2001,"Hunter",55,95,
2001,"Noah",55,95,
2001,"Brayden",53,97,
2001,"Josiah",52,98,
2001,"Keegan",52,98,
2001,"Regan",52,98,
2002,"Joshua",484,1,
2002,"Jack",472,2,
2002,"Samuel",381,3,
2002,"Benjamin",379,4,
2002,"Ethan",351,5,
2002,"James",349,6,
2002,"Liam",320,7,
2002,"Daniel",311,8,
2002,"Jacob",308,9,
2002,"Thomas",304,10,
2002,"Matthew",295,11,
2002,"William",277,12,
2002,"Caleb",269,13,
2002,"Jayden",231,14,
2002,"Ryan",220,15,
2002,"Oliver",216,16,
2002,"Jordan",212,17,
2002,"Dylan",197,18,
2002,"Logan",195,19,
2002,"Luke",194,20,
2002,"Cameron",182,21,
2002,"Blake",178,22,
2002,"Connor",176,23,
2002,"Alexander",169,24,
2002,"Michael",166,25,
2002,"Nathan",163,26,
2002,"Max",149,27,
2002,"Joseph",147,28,
2002,"George",146,29,
2002,"Jackson",142,30,
2002,"Tyler",133,31,
2002,"Harrison",130,32,
2002,"Nicholas",128,33,
2002,"Adam",119,34,
2002,"Lachlan",118,35,
2002,"Mitchell",109,36,
2002,"Hamish",108,37,
2002,"Ben",105,38,
2002,"Callum",102,39,
2002,"David",102,39,
2002,"Isaac",102,39,
2002,"Cody",101,42,
2002,"Andrew",100,43,
2002,"Bailey",99,44,
2002,"Jake",99,44,
2002,"Henry",98,46,
2002,"John",98,46,
2002,"Alex",96,48,
2002,"Reuben",93,49,
2002,"Hayden",92,50,
2002,"Joel",91,51,
2002,"Lucas",89,52,
2002,"Jamie",87,53,
2002,"Christopher",86,54,
2002,"Riley",86,54,
2002,"Levi",85,56,
2002,"Zachary",83,57,
2002,"Elijah",82,58,
2002,"Harry",82,58,
2002,"Jonathan",82,58,
2002,"Sean",80,61,
2002,"Jesse",79,62,
2002,"Hunter",76,63,
2002,"Bradley",75,64,
2002,"Dominic",74,65,
2002,"Aidan",73,66,
2002,"Finn",73,66,
2002,"Xavier",73,66,
2002,"Flynn",72,69,
2002,"Mason",71,70,
2002,"Noah",70,71,
2002,"Kyle",69,72,
2002,"Sam",69,72,
2002,"Brandon",68,74,
2002,"Angus",67,75,
2002,"Brayden",66,76,
2002,"Oscar",64,77,
2002,"Anthony",63,78,
2002,"Kaleb",63,78,
2002,"Patrick",63,78,
2002,"Sebastian",61,81,
2002,"Timothy",60,82,
2002,"Jason",59,83,
2002,"Christian",58,84,
2002,"Cole",58,84,
2002,"Toby",58,84,
2002,"Zane",58,84,
2002,"Jared",56,88,
2002,"Taylor",56,88,
2002,"Robert",55,90,
2002,"Campbell",53,91,
2002,"Trent",52,92,
2002,"Aaron",50,93,
2002,"Charles",50,93,
2002,"Marcus",50,93,
2002,"Scott",49,96,
2002,"Brodie",47,97,
2002,"Gabriel",47,97,
2002,"Tom",47,97,
2002,"Jakob",46,100,
2003,"Joshua",491,1,
2003,"Jack",469,2,
2003,"Benjamin",410,3,
2003,"Samuel",351,4,
2003,"Daniel",336,5,
2003,"Jacob",334,6,
2003,"Ethan",333,7,
2003,"James",332,8,
2003,"Thomas",331,9,
2003,"Matthew",326,10,
2003,"Liam",314,11,
2003,"William",303,12,
2003,"Caleb",275,13,
2003,"Luke",226,14,
2003,"Oliver",226,14,
2003,"Ryan",215,16,
2003,"Jayden",210,17,
2003,"Cameron",209,18,
2003,"Connor",197,19,
2003,"Logan",191,20,
2003,"Dylan",188,21,
2003,"Max",188,21,
2003,"Michael",184,23,
2003,"Jordan",173,24,
2003,"Nathan",171,25,
2003,"Joseph",158,26,
2003,"Alexander",156,27,
2003,"Blake",144,28,
2003,"Lachlan",138,29,
2003,"Nicholas",132,30,
2003,"Harrison",130,31,
2003,"Isaac",129,32,
2003,"Riley",129,32,
2003,"George",128,34,
2003,"Tyler",126,35,
2003,"Bailey",122,36,
2003,"Adam",119,37,
2003,"Alex",118,38,
2003,"Noah",118,38,
2003,"Jackson",110,40,
2003,"Hamish",106,41,
2003,"Andrew",105,42,
2003,"Hunter",105,42,
2003,"Reuben",105,42,
2003,"Callum",104,45,
2003,"Elijah",104,45,
2003,"Cody",101,47,
2003,"John",99,48,
2003,"David",98,49,
2003,"Harry",98,49,
2003,"Ben",95,51,
2003,"Finn",94,52,
2003,"Jake",94,52,
2003,"Lucas",94,52,
2003,"Sam",93,55,
2003,"Zachary",93,55,
2003,"Levi",88,57,
2003,"Jamie",87,58,
2003,"Aidan",86,59,
2003,"Joel",86,59,
2003,"Mitchell",86,59,
2003,"Cole",85,62,
2003,"Oscar",85,62,
2003,"Sean",83,64,
2003,"Angus",81,65,
2003,"Christopher",81,65,
2003,"Kyle",80,67,
2003,"Dominic",79,68,
2003,"Xavier",78,69,
2003,"Hayden",77,70,
2003,"Flynn",76,71,
2003,"Aaron",75,72,
2003,"Anthony",74,73,
2003,"Henry",74,73,
2003,"Patrick",73,75,
2003,"Bradley",70,76,
2003,"Jesse",70,76,
2003,"Robert",65,78,
2003,"Brayden",64,79,
2003,"Toby",64,79,
2003,"Brodie",63,81,
2003,"Taylor",62,82,
2003,"Timothy",61,83,
2003,"Gabriel",59,84,
2003,"Jonathan",59,84,
2003,"Leo",59,84,
2003,"Regan",59,84,
2003,"Mason",58,88,
2003,"Peter",58,88,
2003,"Charlie",57,90,
2003,"Christian",57,90,
2003,"Jason",57,90,
2003,"Jared",56,93,
2003,"Seth",56,93,
2003,"Louis",55,95,
2003,"Rhys",54,96,
2003,"Sebastian",54,96,
2003,"Kaleb",53,98,
2003,"Nathaniel",53,98,
2003,"Vincent",53,98,
2004,"Joshua",504,1,
2004,"Jack",491,2,
2004,"Benjamin",370,3,
2004,"Samuel",357,4,
2004,"Ethan",351,5,
2004,"Matthew",329,6,
2004,"James",327,7,
2004,"Jacob",326,8,
2004,"Daniel",325,9,
2004,"Liam",315,10,
2004,"Ryan",312,11,
2004,"William",304,12,
2004,"Thomas",287,13,
2004,"Caleb",263,14,
2004,"Oliver",250,15,
2004,"Dylan",248,16,
2004,"Jayden",219,17,
2004,"Connor",214,18,
2004,"Luke",197,19,
2004,"Logan",190,20,
2004,"Cameron",183,21,
2004,"Alexander",172,22,
2004,"Riley",170,23,
2004,"Max",168,24,
2004,"Michael",153,25,
2004,"Joseph",151,26,
2004,"Alex",147,27,
2004,"Isaac",144,28,
2004,"Nathan",141,29,
2004,"Blake",137,30,
2004,"George",137,30,
2004,"Jordan",137,30,
2004,"Lachlan",134,33,
2004,"Tyler",134,33,
2004,"Levi",128,35,
2004,"Noah",128,35,
2004,"Harry",126,37,
2004,"Jackson",125,38,
2004,"Nicholas",124,39,
2004,"Cody",120,40,
2004,"Ashton",117,41,
2004,"Ben",114,42,
2004,"Lucas",111,43,
2004,"Harrison",110,44,
2004,"Hamish",106,45,
2004,"John",106,45,
2004,"Bailey",103,47,
2004,"Flynn",101,48,
2004,"Finn",99,49,
2004,"Charlie",98,50,
2004,"David",97,51,
2004,"Hunter",97,51,
2004,"Adam",96,53,
2004,"Xavier",96,53,
2004,"Andrew",94,55,
2004,"Jake",94,55,
2004,"Joel",94,55,
2004,"Sam",94,55,
2004,"Reuben",90,59,
2004,"Toby",90,59,
2004,"Jamie",89,61,
2004,"Henry",87,62,
2004,"Callum",83,63,
2004,"Mitchell",83,63,
2004,"Elijah",82,65,
2004,"Jonathan",82,65,
2004,"Oscar",82,65,
2004,"Patrick",82,65,
2004,"Cole",75,69,
2004,"Zachary",75,69,
2004,"Sean",73,71,
2004,"Christopher",72,72,
2004,"Mason",72,72,
2004,"Angus",70,74,
2004,"Kaleb",70,74,
2004,"Seth",70,74,
2004,"Aaron",69,77,
2004,"Aidan",68,78,
2004,"Anthony",68,78,
2004,"Jesse",67,80,
2004,"Brayden",66,81,
2004,"Robert",66,81,
2004,"Carlos",65,83,
2004,"Troy",64,84,
2004,"Jason",62,85,
2004,"Hayden",61,86,
2004,"Charles",60,87,
2004,"Phoenix",60,87,
2004,"Dominic",59,89,
2004,"Luca",59,89,
2004,"Timothy",58,91,
2004,"Leo",57,92,
2004,"Quinn",57,92,
2004,"Regan",56,94,
2004,"Gabriel",55,95,
2004,"Peter",55,95,
2004,"Christian",53,97,
2004,"Nathaniel",53,97,
2004,"Brooklyn",52,99,
2004,"Justin",52,99,
2005,"Jack",488,1,
2005,"Joshua",386,2,
2005,"Samuel",340,3,
2005,"Daniel",321,4,
2005,"James",318,5,
2005,"Benjamin",297,6,
2005,"Liam",284,7,
2005,"William",284,7,
2005,"Ethan",278,9,
2005,"Jacob",276,10,
2005,"Ryan",276,10,
2005,"Thomas",262,12,
2005,"Matthew",253,13,
2005,"Oliver",249,14,
2005,"Caleb",219,15,
2005,"Luke",206,16,
2005,"Noah",197,17,
2005,"Connor",188,18,
2005,"Max",179,19,
2005,"Alexander",176,20,
2005,"Cameron",174,21,
2005,"Dylan",171,22,
2005,"Logan",168,23,
2005,"Jayden",159,24,
2005,"Nathan",158,25,
2005,"Jordan",154,26,
2005,"Joseph",146,27,
2005,"George",144,28,
2005,"Riley",144,28,
2005,"Blake",139,30,
2005,"Michael",138,31,
2005,"Harrison",133,32,
2005,"Tyler",128,33,
2005,"Alex",125,34,
2005,"Isaac",118,35,
2005,"Hunter",113,36,
2005,"Cody",108,37,
2005,"Lachlan",108,37,
2005,"Levi",105,39,
2005,"Joel",103,40,
2005,"Jackson",101,41,
2005,"Finn",100,42,
2005,"Harry",100,42,
2005,"Jake",100,42,
2005,"Zachary",99,45,
2005,"David",98,46,
2005,"John",97,47,
2005,"Flynn",93,48,
2005,"Sam",93,48,
2005,"Andrew",91,50,
2005,"Seth",91,50,
2005,"Nicholas",90,52,
2005,"Jesse",88,53,
2005,"Lucas",87,54,
2005,"Ashton",86,55,
2005,"Hamish",86,55,
2005,"Sean",86,55,
2005,"Henry",85,58,
2005,"Oscar",85,58,
2005,"Xavier",85,58,
2005,"Charlie",80,61,
2005,"Jamie",80,61,
2005,"Ben",79,63,
2005,"Aidan",76,64,
2005,"Elijah",75,65,
2005,"Mason",73,66,
2005,"Bailey",72,67,
2005,"Christopher",72,67,
2005,"Callum",71,69,
2005,"Charles",70,70,
2005,"Patrick",69,71,
2005,"Aaron",68,72,
2005,"Brayden",68,72,
2005,"Toby",68,72,
2005,"Anthony",67,75,
2005,"Angus",66,76,
2005,"Christian",66,76,
2005,"Hayden",65,78,
2005,"Mitchell",63,79,
2005,"Adam",61,80,
2005,"Cole",61,80,
2005,"Kyle",61,80,
2005,"Quinn",60,83,
2005,"Reuben",58,84,
2005,"Troy",58,84,
2005,"Jonathan",57,86,
2005,"Leo",57,86,
2005,"Brooklyn",56,88,
2005,"Gabriel",55,89,
2005,"Luca",55,89,
2005,"Nathaniel",55,89,
2005,"Dominic",51,92,
2005,"Kaleb",51,92,
2005,"Phoenix",51,92,
2005,"Robert",50,95,
2005,"Sebastian",50,95,
2005,"Taylor",48,97,
2005,"Bradley",47,98,
2005,"Edward",47,98,
2005,"Timothy",47,98,
2006,"Jack",534,1,
2006,"Joshua",406,2,
2006,"Daniel",370,3,
2006,"James",356,4,
2006,"William",332,5,
2006,"Samuel",320,6,
2006,"Jacob",306,7,
2006,"Thomas",293,8,
2006,"Benjamin",282,9,
2006,"Ryan",282,9,
2006,"Liam",275,11,
2006,"Oliver",270,12,
2006,"Ethan",258,13,
2006,"Luke",249,14,
2006,"Matthew",246,15,
2006,"Noah",234,16,
2006,"Caleb",217,17,
2006,"Max",217,17,
2006,"Jayden",206,19,
2006,"Logan",205,20,
2006,"Dylan",203,21,
2006,"Connor",188,22,
2006,"Alexander",184,23,
2006,"Blake",180,24,
2006,"Riley",169,25,
2006,"Charlie",164,26,
2006,"Nathan",164,26,
2006,"Tyler",160,28,
2006,"George",154,29,
2006,"Joseph",154,29,
2006,"Lucas",149,31,
2006,"Lachlan",148,32,
2006,"Harrison",147,33,
2006,"Cameron",143,34,
2006,"Jordan",142,35,
2006,"Isaac",134,36,
2006,"Michael",130,37,
2006,"Alex",129,38,
2006,"Finn",121,39,
2006,"Oscar",118,40,
2006,"Jackson",117,41,
2006,"Hunter",108,42,
2006,"Cody",105,43,
2006,"Harry",102,44,
2006,"Levi",101,45,
2006,"Adam",100,46,
2006,"Flynn",100,46,
2006,"Nicholas",99,48,
2006,"Jake",96,49,
2006,"Joel",96,49,
2006,"Toby",94,51,
2006,"Jesse",92,52,
2006,"Callum",91,53,
2006,"Xavier",91,53,
2006,"Zachary",91,53,
2006,"Angus",88,56,
2006,"Seth",88,56,
2006,"Henry",87,58,
2006,"Jamie",87,58,
2006,"Bailey",86,60,
2006,"David",86,60,
2006,"Sam",86,60,
2006,"John",85,63,
2006,"Ashton",82,64,
2006,"Christopher",79,65,
2006,"Hamish",79,65,
2006,"Sean",79,65,
2006,"Mitchell",78,68,
2006,"Sebastian",77,69,
2006,"Charles",76,70,
2006,"Elijah",76,70,
2006,"Hayden",75,72,
2006,"Leo",75,72,
2006,"Aidan",74,74,
2006,"Andrew",73,75,
2006,"Ben",72,76,
2006,"Kaleb",72,76,
2006,"Troy",72,76,
2006,"Cooper",71,79,
2006,"Mason",69,80,
2006,"Luca",68,81,
2006,"Phoenix",68,81,
2006,"Aaron",67,83,
2006,"Dominic",66,84,
2006,"Brooklyn",64,85,
2006,"Taylor",64,85,
2006,"Christian",63,87,
2006,"Quinn",63,87,
2006,"Jonathan",61,89,
2006,"Cole",58,90,
2006,"Robert",58,90,
2006,"Carlos",57,92,
2006,"Kyle",57,92,
2006,"Edward",56,94,
2006,"Carter",55,95,
2006,"Gabriel",55,95,
2006,"Patrick",54,97,
2006,"Reuben",54,97,
2006,"Vincent",54,97,
2006,"Felix",51,100,
2007,"Jack",499,1,
2007,"James",369,2,
2007,"Joshua",366,3,
2007,"Daniel",351,4,
2007,"William",324,5,
2007,"Oliver",319,6,
2007,"Samuel",310,7,
2007,"Benjamin",308,8,
2007,"Ethan",297,9,
2007,"Ryan",296,10,
2007,"Jacob",294,11,
2007,"Liam",284,12,
2007,"Thomas",274,13,
2007,"Lucas",263,14,
2007,"Luke",260,15,
2007,"Noah",260,15,
2007,"Riley",250,17,
2007,"Jayden",248,18,
2007,"Matthew",231,19,
2007,"Alexander",211,20,
2007,"Hunter",208,21,
2007,"Dylan",207,22,
2007,"Blake",205,23,
2007,"Max",198,24,
2007,"Caleb",197,25,
2007,"Lachlan",196,26,
2007,"Logan",185,27,
2007,"Connor",179,28,
2007,"Tyler",176,29,
2007,"Joseph",172,30,
2007,"Cameron",167,31,
2007,"George",161,32,
2007,"Charlie",157,33,
2007,"Nathan",143,34,
2007,"Alex",142,35,
2007,"Finn",142,35,
2007,"Isaac",137,37,
2007,"Harrison",134,38,
2007,"Michael",134,38,
2007,"Harry",131,40,
2007,"Ashton",128,41,
2007,"Cooper",126,42,
2007,"Jordan",120,43,
2007,"Jackson",119,44,
2007,"Jake",119,44,
2007,"Levi",112,46,
2007,"Oscar",111,47,
2007,"Toby",110,48,
2007,"Henry",108,49,
2007,"Flynn",105,50,
2007,"Luca",102,51,
2007,"Cody",101,52,
2007,"David",100,53,
2007,"Mason",100,53,
2007,"Elijah",98,55,
2007,"Ben",97,56,
2007,"Jamie",94,57,
2007,"Leo",94,57,
2007,"Sam",90,59,
2007,"Xavier",88,60,
2007,"John",85,61,
2007,"Jesse",84,62,
2007,"Troy",83,63,
2007,"Joel",82,64,
2007,"Nicholas",82,64,
2007,"Sebastian",82,64,
2007,"Seth",82,64,
2007,"Angus",81,68,
2007,"Zachary",78,69,
2007,"Hamish",77,70,
2007,"Kingston",77,70,
2007,"Charles",76,72,
2007,"Christopher",76,72,
2007,"Adam",75,74,
2007,"Bailey",75,74,
2007,"Callum",74,76,
2007,"Lukas",70,77,
2007,"Aaron",68,78,
2007,"Reuben",68,78,
2007,"Taylor",67,80,
2007,"Hayden",66,81,
2007,"Robert",66,81,
2007,"Sean",66,81,
2007,"Andrew",64,84,
2007,"Dominic",64,84,
2007,"Isaiah",62,86,
2007,"Patrick",62,86,
2007,"Phoenix",62,86,
2007,"Christian",61,89,
2007,"Gabriel",61,89,
2007,"Jonathan",61,89,
2007,"Louis",60,92,
2007,"Lincoln",59,93,
2007,"Peter",59,93,
2007,"Luka",58,95,
2007,"Austin",56,96,
2007,"Aidan",55,97,
2007,"Carter",54,98,
2007,"Vincent",54,98,
2007,"Brooklyn",53,100,
2008,"Jack",449,1,
2008,"James",378,2,
2008,"William",352,3,
2008,"Samuel",346,4,
2008,"Joshua",332,5,
2008,"Riley",328,6,
2008,"Liam",302,7,
2008,"Oliver",300,8,
2008,"Benjamin",290,9,
2008,"Daniel",286,10,
2008,"Thomas",268,11,
2008,"Jacob",266,12,
2008,"Ethan",250,13,
2008,"Jayden",250,13,
2008,"Noah",249,15,
2008,"Ryan",238,16,
2008,"Lucas",233,17,
2008,"Luke",227,18,
2008,"Max",223,19,
2008,"Hunter",222,20,
2008,"Matthew",216,21,
2008,"Lachlan",203,22,
2008,"Alexander",201,23,
2008,"Dylan",198,24,
2008,"Connor",184,25,
2008,"Blake",182,26,
2008,"Tyler",172,27,
2008,"Caleb",167,28,
2008,"Charlie",160,29,
2008,"George",155,30,
2008,"Joseph",150,31,
2008,"Cooper",149,32,
2008,"Nathan",143,33,
2008,"Logan",139,34,
2008,"Alex",135,35,
2008,"Cameron",133,36,
2008,"Michael",132,37,
2008,"Harrison",131,38,
2008,"Isaac",123,39,
2008,"Jackson",120,40,
2008,"Toby",116,41,
2008,"Jordan",114,42,
2008,"Xavier",114,42,
2008,"Levi",113,44,
2008,"Harry",112,45,
2008,"Jake",112,45,
2008,"Ashton",111,47,
2008,"Finn",108,48,
2008,"Jesse",106,49,
2008,"Oscar",102,50,
2008,"Elijah",100,51,
2008,"Leo",99,52,
2008,"Cody",98,53,
2008,"John",98,53,
2008,"Luca",96,55,
2008,"Mason",96,55,
2008,"Aidan",92,57,
2008,"Charles",92,57,
2008,"Flynn",92,57,
2008,"Henry",92,57,
2008,"Kingston",91,61,
2008,"Jamie",89,62,
2008,"Adam",87,63,
2008,"David",86,64,
2008,"Joel",84,65,
2008,"Reuben",79,66,
2008,"Aaron",77,67,
2008,"Bailey",76,68,
2008,"Lincoln",76,68,
2008,"Nicholas",76,68,
2008,"Sam",75,71,
2008,"Christian",73,72,
2008,"Seth",72,73,
2008,"Andrew",71,74,
2008,"Carter",71,74,
2008,"Sebastian",71,74,
2008,"Angus",70,77,
2008,"Ben",70,77,
2008,"Troy",70,77,
2008,"Zachary",69,80,
2008,"Edward",68,81,
2008,"Robert",67,82,
2008,"Hamish",66,83,
2008,"Dominic",65,84,
2008,"Isaiah",65,84,
2008,"Phoenix",64,86,
2008,"Brooklyn",63,87,
2008,"Archie",62,88,
2008,"Callum",62,88,
2008,"Kyle",62,88,
2008,"Luka",61,91,
2008,"Hayden",60,92,
2008,"Christopher",59,93,
2008,"Felix",59,93,
2008,"Quinn",59,93,
2008,"Cole",57,96,
2008,"Aiden",56,97,
2008,"Gabriel",55,98,
2008,"Leon",55,98,
2008,"Marcus",55,98,
2009,"Jack",345,1,
2009,"Oliver",342,2,
2009,"James",337,3,
2009,"Joshua",327,4,
2009,"William",326,5,
2009,"Samuel",313,6,
2009,"Liam",312,7,
2009,"Benjamin",285,8,
2009,"Daniel",265,9,
2009,"Thomas",254,10,
2009,"Lucas",254,10,
2009,"Riley",253,12,
2009,"Ryan",247,13,
2009,"Ethan",246,14,
2009,"Jacob",242,15,
2009,"Noah",239,16,
2009,"Hunter",221,17,
2009,"Max",212,18,
2009,"Alexander",209,19,
2009,"Jayden",208,20,
2009,"Connor",199,21,
2009,"Matthew",196,22,
2009,"Cooper",190,23,
2009,"Tyler",185,24,
2009,"Blake",180,25,
2009,"Isaac",179,26,
2009,"Dylan",177,27,
2009,"Lachlan",171,28,
2009,"Luke",171,28,
2009,"Logan",164,30,
2009,"Caleb",159,31,
2009,"Joseph",152,32,
2009,"Charlie",151,33,
2009,"Xavier",147,34,
2009,"George",146,35,
2009,"Levi",143,36,
2009,"Jackson",137,37,
2009,"Nathan",130,38,
2009,"Michael",121,39,
2009,"Oscar",121,39,
2009,"Harry",119,41,
2009,"Harrison",118,42,
2009,"Toby",118,42,
2009,"Alex",112,44,
2009,"Jake",102,45,
2009,"Jesse",102,45,
2009,"Cameron",102,45,
2009,"Leo",99,48,
2009,"Ashton",95,49,
2009,"Finn",94,50,
2009,"Jordan",89,51,
2009,"Luca",87,52,
2009,"Jamie",84,53,
2009,"Mason",84,53,
2009,"Cody",83,55,
2009,"Sam",83,55,
2009,"John",81,57,
2009,"Elijah",81,57,
2009,"Seth",81,57,
2009,"David",81,57,
2009,"Henry",80,61,
2009,"Aidan",79,62,
2009,"Zachary",79,62,
2009,"Kingston",77,64,
2009,"Joel",77,64,
2009,"Angus",76,66,
2009,"Flynn",76,66,
2009,"Carter",75,68,
2009,"Charles",73,69,
2009,"Lincoln",73,69,
2009,"Sebastian",72,71,
2009,"Hamish",72,71,
2009,"Aiden",71,73,
2009,"Nicholas",71,73,
2009,"Reuben",69,75,
2009,"Phoenix",67,76,
2009,"Adam",67,76,
2009,"Callum",67,76,
2009,"Quinn",66,79,
2009,"Ben",66,79,
2009,"Gabriel",66,79,
2009,"Hayden",65,82,
2009,"Felix",63,83,
2009,"Tyson",63,83,
2009,"Mitchell",63,83,
2009,"Ryder",61,86,
2009,"Cole",60,87,
2009,"Christian",59,88,
2009,"Zion",59,88,
2009,"Chase",58,90,
2009,"Edward",58,90,
2009,"Andrew",56,92,
2009,"Roman",56,92,
2009,"Troy",56,92,
2009,"Austin",55,95,
2009,"Tristan",55,95,
2009,"Christopher",54,97,
2009,"Louis",54,97,
2009,"Brooklyn",54,97,
2009,"Hugo",53,100,
2010,"Liam",374,1,
2010,"James",333,2,
2010,"Oliver",327,3,
2010,"Jack",325,4,
2010,"William",320,5,
2010,"Joshua",298,6,
2010,"Benjamin",286,7,
2010,"Jacob",285,8,
2010,"Samuel",282,9,
2010,"Lucas",271,10,
2010,"Thomas",269,11,
2010,"Ryan",262,12,
2010,"Noah",262,12,
2010,"Ethan",259,14,
2010,"Cooper",236,15,
2010,"Daniel",233,16,
2010,"Isaac",233,16,
2010,"Max",229,18,
2010,"Tyler",205,19,
2010,"Alexander",204,20,
2010,"Riley",204,20,
2010,"Blake",203,22,
2010,"Lachlan",197,23,
2010,"Luke",191,24,
2010,"Hunter",187,25,
2010,"Charlie",185,26,
2010,"Connor",177,27,
2010,"Caleb",174,28,
2010,"Xavier",174,28,
2010,"Dylan",172,30,
2010,"Jayden",164,31,
2010,"Mason",162,32,
2010,"Levi",162,32,
2010,"Matthew",156,34,
2010,"Logan",153,35,
2010,"Joseph",147,36,
2010,"George",142,37,
2010,"Nathan",136,38,
2010,"Cameron",132,39,
2010,"Oscar",125,40,
2010,"Harry",123,41,
2010,"Leo",121,42,
2010,"Jackson",120,43,
2010,"Finn",118,44,
2010,"Harrison",115,45,
2010,"Jake",114,46,
2010,"Michael",112,47,
2010,"Alex",105,48,
2010,"Zachary",104,49,
2010,"Luca",102,50,
2010,"Toby",99,51,
2010,"Elijah",98,52,
2010,"Angus",95,53,
2010,"Kingston",94,54,
2010,"Ashton",94,54,
2010,"John",91,56,
2010,"Carter",90,57,
2010,"Cody",88,58,
2010,"Eli",88,58,
2010,"Jesse",87,60,
2010,"David",86,61,
2010,"Henry",86,61,
2010,"Quinn",83,63,
2010,"Jordan",80,64,
2010,"Adam",80,64,
2010,"Charles",80,64,
2010,"Ryder",77,67,
2010,"Aiden",77,67,
2010,"Seth",74,69,
2010,"Aaron",74,69,
2010,"Flynn",73,71,
2010,"Edward",72,72,
2010,"Phoenix",70,73,
2010,"Lincoln",70,73,
2010,"Nicholas",69,75,
2010,"Aidan",69,75,
2010,"Sam",68,77,
2010,"Marcus",68,77,
2010,"Brooklyn",64,79,
2010,"Chase",64,79,
2010,"Joel",64,79,
2010,"Christian",64,79,
2010,"Archie",63,83,
2010,"Dominic",62,84,
2010,"Patrick",62,84,
2010,"Reuben",61,86,
2010,"Sebastian",61,86,
2010,"Taylor",60,88,
2010,"Fletcher",60,88,
2010,"Louis",60,88,
2010,"Robert",59,91,
2010,"Sione",58,92,
2010,"Tyson",58,92,
2010,"Mitchell",57,94,
2010,"Gabriel",57,94,
2010,"Leon",57,94,
2010,"Maxwell",56,97,
2010,"Felix",56,97,
2010,"Ben",56,97,
2010,"Lewis",56,97,
2011,"Liam",315,1,
2011,"Joshua",292,2,
2011,"Oliver",286,3,
2011,"Lucas",279,4,
2011,"William",272,5,
2011,"Noah",271,6,
2011,"Samuel",266,7,
2011,"James",264,8,
2011,"Benjamin",250,9,
2011,"Jack",244,10,
2011,"Jacob",239,11,
2011,"Ryan",231,12,
2011,"Cooper",231,12,
2011,"Hunter",225,14,
2011,"Mason",220,15,
2011,"Ethan",215,16,
2011,"Daniel",214,17,
2011,"Max",214,17,
2011,"Thomas",210,19,
2011,"Lachlan",189,20,
2011,"Isaac",185,21,
2011,"Riley",185,21,
2011,"Levi",183,23,
2011,"Blake",181,24,
2011,"Jayden",179,25,
2011,"Luke",178,26,
2011,"Charlie",176,27,
2011,"Alexander",174,28,
2011,"Tyler",168,29,
2011,"George",156,30,
2011,"Connor",156,30,
2011,"Xavier",154,32,
2011,"Jackson",152,33,
2011,"Elijah",151,34,
2011,"Eli",141,35,
2011,"Leo",139,36,
2011,"Logan",139,36,
2011,"Caleb",138,38,
2011,"Dylan",136,39,
2011,"Matthew",131,40,
2011,"Harry",128,41,
2011,"Luca",125,42,
2011,"Finn",122,43,
2011,"Joseph",120,44,
2011,"Nathan",119,45,
2011,"Jake",119,45,
2011,"Oscar",116,47,
2011,"Alex",114,48,
2011,"Cameron",109,49,
2011,"Aiden",106,50,
2011,"Harrison",105,51,
2011,"Henry",103,52,
2011,"Carter",103,52,
2011,"Michael",98,54,
2011,"Toby",96,55,
2011,"Flynn",87,56,
2011,"Ashton",86,57,
2011,"Jaxon",82,58,
2011,"David",79,59,
2011,"Felix",79,59,
2011,"Zachary",78,61,
2011,"John",76,62,
2011,"Jordan",75,63,
2011,"Austin",75,63,
2011,"Sam",74,65,
2011,"Angus",72,66,
2011,"Phoenix",71,67,
2011,"Louis",71,67,
2011,"Jesse",70,69,
2011,"Adam",68,70,
2011,"Cody",68,70,
2011,"Archie",67,72,
2011,"Charles",66,73,
2011,"Ryder",65,74,
2011,"Aidan",61,75,
2011,"Andrew",61,75,
2011,"Christian",59,77,
2011,"Kingston",59,77,
2011,"Ben",58,79,
2011,"Quinn",58,79,
2011,"Nathaniel",58,79,
2011,"Sebastian",57,82,
2011,"Lincoln",57,82,
2011,"Seth",56,84,
2011,"Edward",56,84,
2011,"Marcus",56,84,
2011,"Fletcher",56,84,
2011,"Robert",55,88,
2011,"Maxwell",54,89,
2011,"Zac",54,89,
2011,"Zion",54,89,
2011,"Tyson",53,92,
2011,"Jamie",53,92,
2011,"Nicholas",53,92,
2011,"Cruz",52,95,
2011,"Chase",52,95,
2011,"Christopher",51,97,
2011,"Declan",50,98,
2011,"Patrick",50,98,
2011,"Roman",50,98,
2012,"Jack",374,1,
2012,"Oliver",321,2,
2012,"William",317,3,
2012,"Liam",290,4,
2012,"Mason",271,5,
2012,"Samuel",258,6,
2012,"Jacob",256,7,
2012,"Lucas",255,8,
2012,"Ethan",255,8,
2012,"Noah",254,10,
2012,"James",253,11,
2012,"Cooper",226,12,
2012,"Daniel",222,13,
2012,"Blake",209,14,
2012,"Benjamin",208,15,
2012,"Joshua",208,15,
2012,"Max",205,17,
2012,"Thomas",199,18,
2012,"Ryan",193,19,
2012,"Charlie",183,20,
2012,"Jayden",180,21,
2012,"Hunter",180,21,
2012,"Leo",176,23,
2012,"Tyler",171,24,
2012,"Alexander",169,25,
2012,"George",166,26,
2012,"Jackson",166,26,
2012,"Braxton",161,28,
2012,"Elijah",160,29,
2012,"Lachlan",160,29,
2012,"Isaac",157,31,
2012,"Levi",154,32,
2012,"Connor",154,32,
2012,"Riley",144,34,
2012,"Xavier",136,35,
2012,"Matthew",135,36,
2012,"Harry",135,36,
2012,"Luke",134,38,
2012,"Eli",129,39,
2012,"Caleb",129,39,
2012,"Nathan",126,41,
2012,"Oscar",124,42,
2012,"Carter",124,42,
2012,"Dylan",117,44,
2012,"Joseph",117,44,
2012,"Logan",112,46,
2012,"Finn",108,47,
2012,"Harrison",106,48,
2012,"Henry",106,48,
2012,"Jake",103,50,
2012,"Ryder",99,51,
2012,"Toby",99,51,
2012,"Michael",93,53,
2012,"Austin",87,54,
2012,"Luca",87,54,
2012,"John",87,54,
2012,"Phoenix",86,57,
2012,"Alex",86,57,
2012,"Zachary",84,59,
2012,"Flynn",84,59,
2012,"Jaxon",84,59,
2012,"Angus",80,62,
2012,"Jordan",80,62,
2012,"Charles",78,64,
2012,"Quinn",78,64,
2012,"David",78,64,
2012,"Felix",77,67,
2012,"Archie",77,67,
2012,"Ashton",77,67,
2012,"Edward",76,70,
2012,"Hugo",73,71,
2012,"Cameron",70,72,
2012,"Aiden",68,73,
2012,"Sam",66,74,
2012,"Louis",64,75,
2012,"Joel",63,76,
2012,"Kayden",63,76,
2012,"Kingston",61,78,
2012,"Nathaniel",60,79,
2012,"Robert",60,79,
2012,"Lincoln",60,79,
2012,"Beau",59,82,
2012,"Adam",58,83,
2012,"Jasper",57,84,
2012,"Tyson",57,84,
2012,"Dominic",57,84,
2012,"Zac",57,84,
2012,"Hayden",56,88,
2012,"Fletcher",56,88,
2012,"Sebastian",53,90,
2012,"Aaron",52,91,
2012,"Israel",52,91,
2012,"Marcus",51,93,
2012,"Aidan",51,93,
2012,"Asher",50,95,
2012,"Zion",50,95,
2012,"Patrick",49,97,
2012,"Leon",49,97,
2012,"Christopher",48,99,
2012,"Nate",48,99,
2013,"Oliver",307,1,
2013,"Jack",301,2,
2013,"James",279,3,
2013,"William",267,4,
2013,"Mason",262,5,
2013,"Liam",254,6,
2013,"Samuel",249,7,
2013,"Lucas",247,8,
2013,"Noah",238,9,
2013,"Thomas",214,10,
2013,"Hunter",214,10,
2013,"Ethan",208,12,
2013,"Jacob",207,13,
2013,"Benjamin",206,14,
2013,"Daniel",205,15,
2013,"Max",203,16,
2013,"Joshua",201,17,
2013,"Ryan",199,18,
2013,"Cooper",194,19,
2013,"Blake",182,20,
2013,"Lachlan",180,21,
2013,"Charlie",173,22,
2013,"Levi",162,23,
2013,"Leo",159,24,
2013,"Elijah",157,25,
2013,"Jackson",156,26,
2013,"Jayden",155,27,
2013,"Alexander",155,27,
2013,"Braxton",147,29,
2013,"Riley",144,30,
2013,"Luke",144,30,
2013,"Isaac",143,32,
2013,"Tyler",138,33,
2013,"Oscar",138,33,
2013,"George",137,35,
2013,"Henry",130,36,
2013,"Nathan",130,36,
2013,"Caleb",130,36,
2013,"Eli",123,39,
2013,"Harry",123,39,
2013,"Carter",121,41,
2013,"Joseph",119,42,
2013,"Connor",116,43,
2013,"Harrison",116,43,
2013,"Finn",104,45,
2013,"Toby",102,46,
2013,"Jaxon",101,47,
2013,"Flynn",100,48,
2013,"Logan",99,49,
2013,"Dylan",94,50,
2013,"Xavier",90,51,
2013,"Jake",89,52,
2013,"Matthew",87,53,
2013,"Luca",86,54,
2013,"Alex",85,55,
2013,"Zachary",80,56,
2013,"Archie",80,56,
2013,"Sebastian",79,58,
2013,"Charles",78,59,
2013,"John",76,60,
2013,"Austin",75,61,
2013,"Cameron",75,61,
2013,"Louis",75,61,
2013,"Ryder",74,64,
2013,"Michael",74,64,
2013,"David",73,66,
2013,"Hugo",71,67,
2013,"Fletcher",71,67,
2013,"Edward",70,69,
2013,"Lincoln",69,70,
2013,"Adam",67,71,
2013,"Jordan",67,71,
2013,"Felix",65,73,
2013,"Jesse",64,74,
2013,"Andrew",63,75,
2013,"Ashton",63,75,
2013,"Aiden",63,75,
2013,"Maxwell",62,78,
2013,"Joel",61,79,
2013,"Patrick",60,80,
2013,"Beau",60,80,
2013,"Sam",58,82,
2013,"Phoenix",58,82,
2013,"Declan",58,82,
2013,"Arlo",57,85,
2013,"Kingston",57,85,
2013,"Theodore",57,85,
2013,"Jonathan",56,88,
2013,"Aaron",55,89,
2013,"Marcus",55,89,
2013,"Angus",54,91,
2013,"Aidan",53,92,
2013,"Isaiah",53,92,
2013,"Roman",53,92,
2013,"Archer",52,95,
2013,"Christian",52,95,
2013,"Gabriel",51,97,
2013,"Vincent",51,97,
2013,"Tyson",50,99,
2013,"Dominic",50,99,
2014,"Oliver",313,1,
2014,"Jack",265,2,
2014,"James",255,3,
2014,"Mason",244,4,
2014,"Liam",241,5,
2014,"William",234,6,
2014,"Noah",231,7,
2014,"Lucas",228,8,
2014,"Benjamin",207,9,
2014,"Jacob",202,10,
2014,"Ethan",198,11,
2014,"Hunter",194,12,
2014,"Alexander",190,13,
2014,"Samuel",188,14,
2014,"Charlie",186,15,
2014,"Max",178,16,
2014,"Ryan",172,17,
2014,"Thomas",169,18,
2014,"Cooper",162,19,
2014,"Daniel",155,20,
2014,"Jackson",154,21,
2014,"Levi",153,22,
2014,"Leo",151,23,
2014,"Braxton",148,24,
2014,"George",144,25,
2014,"Elijah",142,26,
2014,"Lachlan",139,27,
2014,"Isaac",139,27,
2014,"Joshua",138,29,
2014,"Oscar",136,30,
2014,"Henry",136,30,
2014,"Blake",135,32,
2014,"Jayden",126,33,
2014,"Carter",125,34,
2014,"Luke",121,35,
2014,"Harry",121,35,
2014,"Matthew",116,37,
2014,"Connor",116,37,
2014,"Luca",111,39,
2014,"Eli",111,39,
2014,"Harrison",110,41,
2014,"Riley",100,42,
2014,"Joseph",98,43,
2014,"Caleb",97,44,
2014,"Toby",94,45,
2014,"Ryder",94,45,
2014,"Tyler",93,47,
2014,"Flynn",90,48,
2014,"Xavier",88,49,
2014,"Jaxon",85,50,
2014,"Dylan",85,50,
2014,"Nathan",83,52,
2014,"Archie",82,53,
2014,"Logan",80,54,
2014,"Arlo",80,54,
2014,"Michael",79,56,
2014,"Jordan",78,57,
2014,"Finn",77,58,
2014,"Sebastian",75,59,
2014,"Lincoln",75,59,
2014,"Zachary",74,61,
2014,"Louis",72,62,
2014,"Theodore",71,63,
2014,"Roman",70,64,
2014,"Fletcher",70,64,
2014,"Aiden",68,66,
2014,"Felix",68,66,
2014,"David",67,68,
2014,"Ashton",67,68,
2014,"Archer",64,70,
2014,"Adam",62,71,
2014,"Edward",62,71,
2014,"Beau",62,71,
2014,"Hugo",61,74,
2014,"Grayson",60,75,
2014,"Alex",60,75,
2014,"Cameron",60,75,
2014,"Austin",59,78,
2014,"Patrick",58,79,
2014,"Jake",58,79,
2014,"Aaron",58,79,
2014,"Charles",57,82,
2014,"Nixon",54,83,
2014,"Angus",54,83,
2014,"Jasper",52,85,
2014,"John",51,86,
2014,"Hudson",51,86,
2014,"Ezra",51,86,
2014,"Theo",50,89,
2014,"Marcus",50,89,
2014,"Nathaniel",50,89,
2014,"Asher",49,92,
2014,"Quinn",48,93,
2014,"Harley",48,93,
2014,"Vincent",47,95,
2014,"Phoenix",47,95,
2014,"Cohen",47,95,
2014,"Arthur",46,98,
2014,"Aidan",45,99,
2014,"Lewis",44,100,
